,City,Cloudiness,Country,Date,Humidity,Latitude,Longitude,Max Temp,Wind Speed
0,lebu,12.0,CL,1620542425.0,91.0,-37.6167,-73.65,52.88,12.73
1,puerto ayora,59.0,EC,1620542478.0,93.0,-0.7393,-90.3518,75.0,5.01
2,faanui,100.0,PF,1620542478.0,74.0,-16.4833,-151.75,80.6,8.48
3,upernavik,100.0,GL,1620542479.0,96.0,72.7868,-56.1549,25.05,3.38
4,atuona,11.0,PF,1620542479.0,71.0,-9.8,-139.0333,80.28,17.63
5,haines junction,100.0,CA,1620542479.0,61.0,60.7522,-137.5108,42.8,3.44
6,kodiak,90.0,US,1620542480.0,81.0,57.79,-152.4072,44.6,5.75
7,amderma,3.0,PF,1620542480.0,74.0,-23.1203,-134.9692,78.78,8.23
8,rikitea,98.0,RU,1620542480.0,39.0,60.05,69.9,62.74,7.9
9,gornopravdinsk,90.0,US,1620542481.0,86.0,71.2906,-156.7887,17.6,16.11
10,barrow,100.0,RU,1620542481.0,92.0,71.9167,114.0833,31.19,19.15
11,saskylakh,100.0,NZ,1620542481.0,88.0,-46.6,168.3333,54.0,4.12
12,bluff,75.0,TO,1620542482.0,69.0,-21.2,-175.2,75.2,14.97
13,nizhneyansk,100.0,VE,1620542482.0,99.0,9.0622,-62.051,72.72,2.42
14,vaini,20.0,ZA,1620542226.0,93.0,-33.9258,18.4232,57.0,3.44
15,sentyabrskiy,52.0,PE,1620542482.0,89.0,-11.0964,-77.6139,64.53,7.9
16,tucupita,13.0,MN,1620542482.0,16.0,46.6806,113.2792,61.93,9.19
17,cape town,100.0,US,1620542483.0,62.0,42.6001,-73.9662,46.99,4.0
18,hualmay,20.0,PT,1620542483.0,72.0,37.7167,-25.4333,57.2,6.91
19,baruun-urt,0.0,AR,1620542483.0,70.0,-54.8,-68.3,42.8,4.61
20,albany,9.0,MX,1620542483.0,71.0,17.4833,-91.4333,78.31,12.03
21,vila franca do campo,100.0,RU,1620542484.0,82.0,50.06,43.2379,60.98,11.12
22,ushuaia,90.0,CA,1620542484.0,100.0,47.6666,-52.7314,39.99,20.71
23,tenosique,40.0,CL,1620542484.0,87.0,-53.15,-70.9167,41.0,8.05
24,tarudant,0.0,US,1620542485.0,86.0,36.6177,-121.9166,54.0,5.32
25,mikhaylovka,75.0,CK,1620542485.0,73.0,-21.2078,-159.775,73.4,10.36
26,torbay,93.0,CA,1620542485.0,98.0,69.4541,-133.0374,22.48,6.06
27,punta arenas,90.0,FR,1620542486.0,100.0,48.5833,-4.0,57.2,9.22
28,pacific grove,0.0,AU,1620542486.0,59.0,-34.7333,135.8667,62.76,15.64
29,avarua,90.0,ZA,1620542486.0,82.0,-34.5322,20.0403,55.4,6.91
30,tuktoyaktuk,90.0,US,1620542486.0,78.0,19.7297,-155.09,75.2,3.44
31,morlaix,0.0,CL,1620542487.0,81.0,-35.3333,-72.4167,53.33,6.64
32,barentsburg,79.0,MV,1620542487.0,69.0,-0.6,73.0833,85.06,6.8
33,port lincoln,18.0,AR,1620542487.0,57.0,-43.3002,-65.1023,55.47,12.28
34,bredasdorp,90.0,US,1620542274.0,83.0,29.3669,-94.9669,77.0,21.85
35,hilo,83.0,RU,1620542488.0,92.0,66.6572,66.4183,38.64,3.18
36,constitucion,6.0,RU,1620542488.0,69.0,73.5069,80.5464,28.99,5.12
37,hithadhoo,98.0,AR,1620542488.0,60.0,-40.8135,-62.9967,55.63,17.78
38,rawson,75.0,IE,1620542488.0,93.0,51.55,-9.2667,50.0,20.71
39,galveston,90.0,CA,1620542350.0,93.0,50.0501,-110.6683,37.0,9.22
40,labytnangi,40.0,MY,1620542374.0,70.0,5.4112,100.3354,89.6,10.36
41,dikson,14.0,RU,1620542489.0,89.0,65.5833,-171.0,25.02,6.55
42,cagayan de tawi-tawi,100.0,NZ,1620542489.0,81.0,-38.3667,178.3,61.41,5.32
43,viedma,53.0,PG,1620542489.0,75.0,-3.6667,152.4333,83.12,12.26
44,skibbereen,6.0,MX,1620542490.0,7.0,30.4833,-115.95,48.99,3.0
45,medicine hat,40.0,AU,1620542490.0,52.0,-37.8333,140.7667,64.4,14.97
46,georgetown,95.0,GL,1620542490.0,75.0,68.8193,-51.1922,24.03,5.23
47,lavrentiya,100.0,NG,1620542491.0,96.0,5.5167,5.75,74.61,3.02
48,tolaga bay,0.0,FI,1620542491.0,56.0,64.2273,27.7285,41.0,6.91
49,namatanai,40.0,RU,1620542492.0,87.0,48.0448,40.045,48.2,20.13
50,san quintin,65.0,US,1620542492.0,85.0,41.1668,-74.0496,44.01,6.02
51,mount gambier,100.0,RU,1620542492.0,90.0,71.6872,128.8694,30.63,13.04
52,qasigiannguit,5.0,BW,1620542492.0,35.0,-18.3667,21.85,70.41,6.78
53,shchelyayur,0.0,MR,1620542493.0,25.0,20.5169,-13.0499,76.19,11.54
54,warri,75.0,US,1620542493.0,83.0,28.017,-97.5169,80.6,21.85
55,kajaani,90.0,US,1620542469.0,81.0,57.0531,-135.33,48.2,4.61
56,almaznyy,100.0,RU,1620542493.0,57.0,52.6333,126.75,45.43,4.72
57,rockland,99.0,BR,1620542494.0,92.0,-24.7911,-50.0119,51.67,9.66
58,tiksi,100.0,NZ,1620542494.0,88.0,-46.1927,168.8643,54.0,0.98
59,shakawe,1.0,US,1620542494.0,21.0,39.5138,-121.5564,73.4,17.27
60,atar,0.0,AU,1620542495.0,65.0,-24.8667,113.6333,78.8,14.97
61,san patricio,92.0,AO,1620542495.0,83.0,-13.7333,15.0667,64.13,3.29
62,sitka,6.0,FI,1620542495.0,71.0,66.7131,27.4306,37.89,6.42
63,sivaki,85.0,AU,1620542495.0,79.0,-33.65,115.3333,64.99,1.01
64,castro,1.0,US,1620542496.0,87.0,42.097,-79.2353,37.4,6.91
65,mataura,20.0,US,1620542496.0,73.0,22.0752,-159.319,75.2,14.97
66,oroville,13.0,RU,1620542497.0,91.0,69.7008,170.3133,17.8,3.36
67,carnarvon,90.0,GB,1620542497.0,87.0,60.1545,-1.1494,42.8,32.21
68,caconda,75.0,CA,1620542497.0,61.0,65.282,-126.8329,42.8,11.5
69,kemijarvi,11.0,GR,1620542497.0,60.0,37.9407,22.9573,72.0,8.1
70,busselton,24.0,AU,1620542498.0,26.0,-23.7,133.8833,80.6,5.75
71,jamestown,20.0,SN,1620542498.0,88.0,14.6937,-17.4441,68.0,13.8
72,louisbourg,10.0,GL,1620542498.0,65.0,61.994,-49.6678,34.02,4.99
73,kapaa,100.0,BO,1620542498.0,79.0,-21.25,-63.5,59.31,0.67
74,pevek,65.0,ID,1620542499.0,67.0,4.1363,96.1285,86.45,6.73
75,lerwick,0.0,AR,1620542499.0,87.0,-38.0023,-57.5575,46.99,3.44
76,norman wells,73.0,CN,1620542499.0,18.0,42.8,93.45,85.39,1.19
77,corinto,0.0,IT,1620542500.0,77.0,41.2142,9.4083,62.6,12.66
78,alice springs,40.0,CL,1620542500.0,88.0,-23.65,-70.4,59.0,4.61
79,dakar,20.0,JP,1620542500.0,47.0,35.7333,140.8333,81.0,13.8
80,paamiut,100.0,SO,1620542500.0,58.0,7.9803,49.8164,88.93,11.21
81,villamontes,100.0,RU,1620542501.0,96.0,51.5,156.5167,37.02,6.87
82,meulaboh,75.0,RU,1620542213.0,86.0,64.75,177.4833,24.8,4.47
83,mar del plata,0.0,RU,1620542501.0,66.0,59.7035,30.7861,46.99,11.18
84,hami,20.0,PT,1620542501.0,77.0,38.5167,-28.7,57.2,3.44
85,la maddalena,100.0,NO,1620542502.0,73.0,70.3705,31.1107,37.11,4.79
86,antofagasta,40.0,TO,1620542502.0,57.0,-19.8,-174.35,78.8,24.16
87,hasaki,77.0,RU,1620542502.0,92.0,70.6333,147.9167,25.57,5.73
88,eyl,3.0,LY,1620542503.0,56.0,32.8752,13.1875,69.55,6.78
89,ozernovskiy,40.0,PT,1620542503.0,67.0,38.7333,-27.0667,59.0,16.17
90,anadyr,3.0,MX,1620542377.0,48.0,22.8909,-109.9124,73.0,11.77
91,nikolskoye,99.0,MX,1620542503.0,85.0,15.7011,-93.23,78.17,2.46
92,illoqqortoormiut,79.0,MX,1620542504.0,80.0,15.7432,-96.4661,77.0,3.0
93,ribeira grande,75.0,AU,1620542329.0,48.0,-42.8794,147.3294,60.8,14.97
94,vardo,23.0,PE,1620542504.0,88.0,-10.0681,-78.1522,65.75,9.13
95,pangai,1.0,US,1620542504.0,71.0,37.4636,-122.4286,59.0,9.22
96,chokurdakh,94.0,AU,1620542504.0,58.0,-38.2667,141.9667,59.18,9.91
97,tripoli,1.0,US,1620542505.0,11.0,37.1041,-113.5841,69.8,13.8
98,praia da vitoria,5.0,BR,1620542505.0,61.0,-11.0894,-43.1417,73.36,8.19
99,cabo san lucas,61.0,PT,1620542506.0,74.0,32.6667,-17.1,61.0,3.0
100,pijijiapan,20.0,HK,1620542467.0,58.0,22.2855,114.1577,89.6,11.5
101,pochutla,0.0,FI,1620542506.0,45.0,60.4664,26.9458,45.0,2.3
102,hobart,0.0,US,1620542506.0,81.0,34.6391,-120.4579,57.0,4.56
103,huarmey,100.0,GL,1620542506.0,93.0,77.484,-69.3632,18.55,3.62
104,half moon bay,76.0,MG,1620542507.0,61.0,-13.2,49.05,83.17,3.27
105,codrington,67.0,VN,1620542507.0,55.0,21.7,104.8667,91.72,3.98
106,saint george,34.0,NP,1620542508.0,45.0,27.3747,87.2039,81.43,6.71
107,buqayq,0.0,BR,1620542508.0,71.0,-16.4708,-54.6356,64.94,1.45
108,barra,100.0,RU,1620542508.0,56.0,67.5447,133.385,42.37,7.83
109,ponta do sol,98.0,RU,1620542508.0,51.0,58.0106,114.2769,49.98,7.72
110,victoria,88.0,ZA,1620542509.0,87.0,-34.4187,19.2345,57.0,1.01
111,kotka,100.0,SV,1620542509.0,100.0,13.5928,-89.8275,71.01,2.86
112,lompoc,100.0,NO,1620542509.0,70.0,61.9875,5.1352,44.01,8.72
113,qaanaaq,40.0,KI,1620542510.0,74.0,1.3292,172.9752,84.2,11.5
114,ambilobe,75.0,PH,1620542510.0,58.0,7.089,125.1567,91.4,6.91
115,yen bai,100.0,NZ,1620542510.0,95.0,-35.1667,173.1667,61.72,5.08
116,khandbari,45.0,CV,1620542510.0,76.0,14.8961,-24.4956,70.99,13.06
117,rondonopolis,40.0,MU,1620542511.0,61.0,-20.5167,57.5167,78.8,10.36
118,verkhoyansk,99.0,GW,1620542511.0,70.0,11.2833,-15.8333,76.28,11.59
119,balakhninskiy,3.0,MA,1620542511.0,79.0,32.2994,-9.2372,62.89,9.22
120,satitoa,1.0,CA,1620542511.0,86.0,55.7435,-97.8558,26.6,3.44
121,hermanus,26.0,BO,1620542512.0,98.0,-18.1167,-63.9333,46.35,1.63
122,acajutla,0.0,MR,1620542512.0,94.0,20.931,-17.0347,62.6,18.41
123,raudeberg,0.0,BR,1620542512.0,80.0,-30.1811,-50.2056,61.52,11.16
124,bairiki,1.0,US,1620542512.0,81.0,41.1415,-73.3579,46.4,4.61
125,talawdi,100.0,BR,1620542513.0,89.0,-7.3619,-46.6172,72.39,2.24
126,tagbac,90.0,JP,1620542513.0,100.0,26.1842,127.7558,71.6,11.5
127,ahipara,0.0,FI,1620542513.0,57.0,63.65,22.6833,45.0,5.75
128,sao filipe,100.0,NU,1620542513.0,83.0,-19.0595,-169.9187,73.4,20.71
129,souillac,100.0,CA,1620542514.0,75.0,50.4668,-104.4178,35.6,4.61
130,bubaque,19.0,ZA,1620542514.0,67.0,-33.5906,26.891,63.46,15.21
131,asfi,20.0,PH,1620542514.0,49.0,14.3122,121.1114,96.8,10.36
132,thompson,9.0,MX,1620542515.0,82.0,20.7,-105.2,77.0,1.01
133,mairana,100.0,RU,1620542515.0,90.0,69.3833,178.4167,24.48,5.59
134,nouadhibou,40.0,MU,1620542515.0,61.0,-20.3428,57.7575,80.01,10.36
135,cidreira,100.0,NZ,1620542516.0,86.0,-45.8742,170.5036,57.99,11.99
136,westport,9.0,BR,1620542516.0,75.0,-22.9661,-42.0278,69.49,12.44
137,riachao,10.0,ZA,1620542516.0,81.0,-34.0033,24.7314,60.01,1.99
138,nishihara,90.0,VU,1620542516.0,78.0,-19.55,169.2667,80.6,5.75
139,pietarsaari,87.0,BR,1620542517.0,71.0,-21.6403,-41.0511,70.12,6.67
140,alofi,95.0,US,1620542517.0,87.0,30.0502,-98.0336,75.0,7.0
141,khonuu,100.0,RU,1620542517.0,70.0,50.3167,130.3667,50.72,5.75
142,pilot butte,69.0,PG,1620542518.0,71.0,-8.7537,148.2534,83.98,4.32
143,port alfred,75.0,CO,1620542518.0,94.0,4.7059,-74.2302,53.6,4.61
144,santa rosa,100.0,BR,1620542518.0,99.0,-4.2761,-55.9836,73.02,1.9
145,ixtapa,20.0,BR,1620542519.0,67.0,-23.3556,-47.8569,64.99,1.99
146,leningradskiy,20.0,IS,1620542519.0,64.0,63.8424,-22.4338,33.8,12.66
147,bambous virieux,75.0,BB,1620542519.0,69.0,13.2167,-59.5167,78.8,23.02
148,dunedin,100.0,KZ,1620542519.0,82.0,52.4503,64.6311,58.03,12.39
149,arraial do cabo,100.0,CA,1620542520.0,100.0,48.8499,-54.0148,41.0,8.05
150,kruisfontein,100.0,RU,1620542520.0,59.0,58.4497,92.1703,47.39,5.23
151,isangel,0.0,PK,1620542520.0,31.0,26.0023,63.044,95.7,8.28
152,kegayli,40.0,PE,1620542521.0,82.0,-13.7,-76.2167,64.99,4.61
153,sao joao da barra,100.0,NO,1620542521.0,69.0,68.1214,13.5031,40.77,6.89
154,grand river south east,20.0,JP,1620542521.0,39.0,35.1333,140.3,82.4,20.71
155,hays,18.0,RU,1620542521.0,47.0,56.0901,56.5783,67.55,2.57
156,talakan,7.0,RU,1620542522.0,89.0,63.05,179.3167,26.02,7.2
157,popondetta,1.0,US,1620542522.0,33.0,42.8713,-112.4455,42.8,18.41
158,mosquera,75.0,GB,1620542522.0,87.0,54.5924,-5.6909,52.0,14.97
159,lolua,20.0,SA,1620542523.0,13.0,18.3851,42.4509,78.8,8.05
160,itaituba,82.0,NC,1620542523.0,78.0,-22.6667,167.4833,75.61,17.72
161,tatui,0.0,RE,1620542523.0,61.0,-21.3585,55.7679,80.6,14.97
162,taolanaro,90.0,US,1620542416.0,87.0,40.8021,-124.1637,51.01,9.22
163,grindavik,100.0,RU,1620542523.0,80.0,71.9667,102.5,26.76,8.88
164,bathsheba,100.0,LY,1620542524.0,29.0,26.5921,12.7805,78.75,17.18
165,wulanhaote,96.0,BR,1620542524.0,91.0,-23.8131,-47.7164,58.86,8.21
166,kushmurun,2.0,AU,1620542310.0,33.0,-20.7377,116.8463,89.31,11.3
167,hare bay,100.0,CD,1620542525.0,82.0,2.7388,23.7833,74.25,2.33
168,yeniseysk,0.0,BW,1620542525.0,33.0,-21.4167,25.5833,70.47,6.91
169,turbat,100.0,CA,1620542525.0,86.0,68.2191,-135.0107,26.6,8.05
170,pisco,100.0,BR,1620542525.0,98.0,-5.1206,-60.3797,72.03,1.88
171,gravdal,0.0,IT,1620542526.0,65.0,40.3469,14.9966,72.0,1.01
172,sorvag,0.0,MM,1620542526.0,55.0,20.15,92.9,89.76,12.75
173,katsuura,100.0,RU,1620542526.0,93.0,43.7444,135.2892,41.09,11.01
174,askino,90.0,CA,1620542526.0,49.0,62.456,-114.3525,46.4,9.22
175,beringovskiy,87.0,DZ,1620542527.0,47.0,36.3868,4.3989,74.7,9.91
176,pocatello,75.0,AU,1620542527.0,82.0,-32.7167,152.15,64.99,4.61
177,newtownards,99.0,PH,1620542527.0,71.0,13.7796,124.39,85.23,6.78
178,faya,69.0,RU,1620542527.0,70.0,59.5833,151.2833,35.91,7.99
179,vao,40.0,MU,1620542365.0,61.0,-20.4081,57.7,78.8,10.36
180,saint-philippe,20.0,PF,1620542528.0,78.0,-17.7333,-149.15,78.8,4.61
181,belushya guba,15.0,CA,1620542369.0,100.0,43.7501,-81.7165,32.0,2.3
182,eureka,45.0,BR,1620542528.0,89.0,-9.0122,-35.2225,74.77,5.68
183,khatanga,94.0,UY,1620542529.0,77.0,-33.6971,-53.4616,60.78,7.94
184,awbari,7.0,ID,1620542529.0,69.0,5.8933,95.3214,84.22,4.59
185,pilar do sul,8.0,AU,1620542529.0,52.0,-35.35,150.4667,69.8,4.61
186,karratha,0.0,NA,1620542530.0,60.0,-28.55,16.4333,62.11,5.68
187,aketi,1.0,US,1620542530.0,62.0,38.8876,-76.5119,50.0,4.61
188,letlhakane,40.0,AU,1620542530.0,31.0,-25.2406,130.9889,78.8,6.91
189,aklavik,51.0,CD,1620542530.0,58.0,-7.3,27.4167,76.37,1.99
190,novo aripuana,90.0,US,1620542531.0,93.0,55.3422,-131.6461,44.6,2.93
191,agropoli,100.0,SO,1620542531.0,59.0,9.4942,50.8122,86.34,7.23
192,akyab,75.0,FO,1620542531.0,81.0,62.2266,-6.589,37.4,2.3
193,palabuhanratu,0.0,BW,1620542532.0,41.0,-23.4,21.7167,59.2,9.53
194,olga,100.0,RU,1620542532.0,85.0,50.6789,156.125,40.08,4.23
195,yellowknife,1.0,US,1620542350.0,73.0,20.8947,-156.47,73.4,12.66
196,tazmalt,25.0,BO,1620542532.0,76.0,-18.467,-66.5685,42.57,1.39
197,nelson bay,20.0,ZA,1620542532.0,82.0,-33.918,25.5701,59.0,11.5
198,zachagansk,100.0,KI,1620542533.0,71.0,3.0707,172.7902,84.25,17.38
199,gigmoto,100.0,AR,1620542533.0,54.0,-38.7196,-62.2724,56.01,14.81
200,ola,17.0,IN,1620542533.0,68.0,10.5669,72.642,85.37,0.89
201,mahebourg,100.0,AU,1620542534.0,70.0,-42.7826,147.0587,60.01,5.01
202,tautira,0.0,MN,1620542534.0,18.0,49.9811,92.0667,68.14,10.83
203,goderich,90.0,RU,1620542534.0,76.0,53.0452,158.6483,44.6,15.66
204,maragogi,0.0,SA,1620542491.0,17.0,24.6877,46.7219,89.6,4.61
205,chuy,40.0,MY,1620542535.0,83.0,4.4148,114.0089,82.4,3.44
206,sabang,75.0,PE,1620542535.0,83.0,-7.8447,-79.1469,66.34,6.31
207,ulladulla,90.0,US,1620542535.0,87.0,40.5982,-124.1573,52.0,11.5
208,oranjemund,31.0,ZA,1620542536.0,65.0,-28.783,32.0377,70.59,15.21
209,tabiauea,100.0,NZ,1620542536.0,92.0,-45.4167,167.7167,54.75,1.68
210,mayo,98.0,NG,1620542536.0,82.0,8.9333,8.6,75.22,1.99
211,yulara,100.0,ES,1620542537.0,44.0,38.2667,-5.6833,57.99,5.01
212,manono,90.0,CA,1620542361.0,100.0,70.4692,-68.5914,23.0,5.75
213,ketchikan,20.0,PF,1620542537.0,78.0,-17.5667,-149.8667,78.8,4.61
214,vestbygda,7.0,AU,1620542537.0,87.0,-26.5333,153.1,73.99,4.81
215,bandarbeyla,1.0,US,1620542538.0,54.0,42.439,-123.3284,55.4,8.05
216,klaksvik,100.0,CD,1620542538.0,97.0,-2.4683,28.8242,62.1,1.63
217,manyana,36.0,BR,1620542539.0,92.0,-7.6142,-72.8958,66.85,2.13
218,severo-kurilsk,8.0,BR,1620542539.0,95.0,-22.4408,-46.3508,51.21,4.29
219,kahului,0.0,AU,1620542539.0,17.0,-20.7333,139.5,89.6,9.22
220,uncia,99.0,TZ,1620542540.0,86.0,-3.6333,32.1833,69.24,3.36
221,port elizabeth,10.0,ID,1620542540.0,67.0,-3.8004,102.2655,85.98,8.21
222,butaritari,6.0,RU,1620542540.0,86.0,66.3167,-179.1667,16.32,7.9
223,bahia blanca,90.0,CA,1620542540.0,100.0,63.7506,-68.5145,28.4,3.44
224,kavaratti,23.0,RU,1620542541.0,64.0,64.3833,-173.3,35.69,2.39
225,new norfolk,90.0,CA,1620542541.0,93.0,45.6169,-61.3485,39.99,17.27
226,ulaangom,1.0,US,1620542541.0,41.0,64.8378,-147.7164,57.2,5.75
227,petropavlovsk-kamchatskiy,5.0,IN,1620542541.0,17.0,27.1167,80.15,102.42,3.87
228,ngukurr,0.0,NA,1620542542.0,43.0,-26.6481,15.1594,66.67,6.29
229,riyadh,100.0,RU,1620542542.0,94.0,50.7214,136.6319,35.35,9.15
230,miri,20.0,PF,1620542543.0,78.0,-17.5333,-149.3333,78.8,4.61
231,chicama,100.0,BR,1620542543.0,98.0,-2.1042,-56.4869,72.79,2.1
232,saleaula,0.0,IN,1620542543.0,34.0,21.0914,71.7622,96.69,8.19
233,fortuna,1.0,US,1620542505.0,81.0,41.3712,-73.414,42.01,4.61
234,richards bay,6.0,IT,1620542544.0,65.0,45.1667,10.7833,63.0,5.01
235,te anau,98.0,TL,1620542544.0,84.0,-8.9266,125.4092,65.95,2.04
236,wamba,0.0,ZA,1620542283.0,67.0,-33.0153,27.9116,60.8,13.8
237,azuaga,75.0,GD,1620542545.0,83.0,12.0564,-61.7485,80.6,19.57
238,clyde river,100.0,PG,1620542545.0,78.0,-2.5744,150.7967,83.19,16.13
239,haapiti,90.0,CA,1620542545.0,81.0,50.2334,-63.5986,42.8,19.57
240,coolum beach,100.0,UA,1620542545.0,67.0,48.0,37.8,45.93,14.67
241,samusu,90.0,CA,1620542546.0,70.0,52.9999,-122.5029,42.8,2.3
242,grants pass,20.0,AO,1620542546.0,88.0,-6.1349,12.3689,75.2,4.85
243,kabare,78.0,RU,1620542546.0,71.0,66.0764,33.0381,38.97,9.64
244,mancio lima,90.0,US,1620542353.0,93.0,46.1879,-123.8313,50.0,3.44
245,bueno brandao,86.0,RU,1620542546.0,55.0,64.5667,143.2,41.56,7.4
246,sumbawa,40.0,JP,1620542547.0,63.0,38.0833,138.4333,64.4,13.8
247,marcona,0.0,SE,1620542547.0,70.0,59.758,18.705,45.0,9.22
248,mount isa,0.0,CN,1620542547.0,46.0,28.4532,117.9686,86.92,2.19
249,masumbwe,93.0,PH,1620542547.0,73.0,12.1791,125.5072,83.89,8.05
250,bengkulu,100.0,RU,1620542548.0,99.0,67.6713,53.087,39.09,7.45
251,egvekinot,90.0,CL,1620542548.0,100.0,-38.7,-73.1667,51.8,3.44
252,iqaluit,0.0,IT,1620542548.0,77.0,39.2519,9.1794,66.0,10.36
253,provideniya,0.0,ZA,1620542549.0,74.0,-26.9337,29.2415,51.01,1.99
254,port hawkesbury,89.0,GA,1620542549.0,84.0,-1.5746,9.2618,79.68,1.57
255,fairbanks,75.0,LK,1620542549.0,79.0,6.1241,81.1185,87.8,2.3
256,madhoganj,48.0,CN,1620542549.0,40.0,25.7,100.1833,73.63,11.03
257,luderitz,93.0,ID,1620542550.0,77.0,-3.3667,135.4833,83.12,3.06
258,solnechnyy,31.0,RU,1620542550.0,88.0,68.0546,166.4372,26.26,1.16
259,tiarei,25.0,PE,1620542550.0,73.0,-5.4,-80.75,69.15,11.18
260,terra santa,75.0,RU,1620542551.0,82.0,45.8208,44.6472,57.2,6.71
261,mahuva,40.0,GA,1620542551.0,94.0,-0.7193,8.7815,78.8,2.3
262,bethel,86.0,PG,1620542551.0,82.0,-9.0763,143.2092,79.68,8.48
263,mantua,20.0,MX,1620542552.0,78.0,21.2833,-89.6667,78.8,11.5
264,airai,100.0,RU,1620542552.0,88.0,49.1167,131.1833,42.82,1.99
265,east london,9.0,NC,1620542552.0,81.0,-20.9667,164.7,75.24,6.26
266,saint-georges,98.0,SL,1620542552.0,83.0,7.5264,-12.505,79.48,2.08
267,kavieng,0.0,PL,1620542553.0,65.0,54.5392,17.7501,52.0,12.66
268,havre-saint-pierre,100.0,CN,1620542553.0,20.0,43.6475,111.9767,66.45,5.26
269,donetsk,36.0,IN,1620542553.0,42.0,27.9167,96.1667,91.56,4.54
270,quesnel,21.0,NA,1620542554.0,37.0,-20.5833,17.4333,62.83,8.14
271,soyo,75.0,RU,1620542554.0,82.0,46.5614,43.6501,57.2,6.71
272,loukhi,100.0,ID,1620542554.0,95.0,-2.9701,119.8978,73.56,2.26
273,astoria,56.0,CN,1620542423.0,59.0,27.1172,114.9793,87.78,5.66
274,ust-nera,5.0,MX,1620542555.0,41.0,26.8833,-111.9833,70.74,5.01
275,ryotsu,100.0,PG,1620542555.0,71.0,-4.352,152.2633,83.34,9.42
276,norrtalje,100.0,RU,1620542555.0,43.0,53.858,120.875,51.31,3.51
277,shangrao,98.0,GL,1620542555.0,69.0,68.3065,-53.4641,33.53,6.2
278,san policarpo,53.0,TR,1620542556.0,77.0,36.9559,36.2,73.0,4.18
279,naryan-mar,100.0,BR,1620542556.0,96.0,-3.7728,-61.6442,72.48,2.08
280,carahue,100.0,CA,1620542556.0,93.0,55.4334,-116.4858,41.0,11.5
281,quartucciu,40.0,MY,1620542556.0,100.0,2.3,111.8167,73.4,3.44
282,standerton,1.0,IR,1620542557.0,24.0,29.106,58.357,86.54,18.57
283,omboue,100.0,NG,1620542557.0,92.0,4.9247,6.2642,75.58,4.16
284,hambantota,100.0,NZ,1620542557.0,88.0,-46.1333,167.6833,54.0,3.8
285,burica,40.0,SJ,1620542557.0,68.0,78.2186,15.6401,21.2,13.8
286,dali,90.0,PT,1620542303.0,100.0,41.5388,-8.6151,54.0,2.3
287,nabire,4.0,AR,1620542558.0,90.0,-31.6333,-60.7,54.0,5.14
288,bilibino,93.0,GL,1620542558.0,78.0,65.6145,-37.6368,20.53,7.38
289,la union,17.0,MV,1620542559.0,69.0,6.6221,73.07,85.93,6.87
290,iki-burul,99.0,CD,1620542559.0,94.0,-4.45,26.6667,69.64,2.48
291,port-gentil,100.0,MX,1620542559.0,80.0,17.9583,-102.2,79.52,0.54
292,yialos,99.0,BR,1620542559.0,99.0,-0.4139,-65.0192,72.16,1.48
293,daru,90.0,GE,1620542560.0,94.0,43.1592,40.3378,59.0,2.24
294,progreso,20.0,NA,1620542560.0,62.0,-19.5667,18.1167,55.4,11.25
295,khingansk,100.0,GT,1620542560.0,96.0,14.3,-91.9167,68.0,2.3
296,yirol,40.0,HN,1620542561.0,88.0,14.7333,-85.9667,75.2,3.96
297,voh,20.0,OM,1620542456.0,62.0,17.0151,54.0924,87.8,6.91
298,bonthe,75.0,NO,1620542561.0,65.0,63.7256,8.834,41.0,11.5
299,dolbeau,100.0,GB,1620542561.0,89.0,51.5407,-2.4184,55.99,3.0
300,lebork,40.0,IN,1620542561.0,52.0,13.2167,80.3167,93.2,10.36
301,erenhot,100.0,NZ,1620542562.0,78.0,-46.2817,169.8464,57.99,3.0
302,tezu,32.0,IN,1620542562.0,15.0,25.1833,73.4333,101.73,12.88
303,okakarara,75.0,BR,1620542563.0,97.0,-5.1347,-49.3267,73.4,3.44
304,remontnoye,75.0,PE,1620542563.0,88.0,-12.1167,-77.05,63.0,5.75
305,rantepao,10.0,BR,1620542563.0,83.0,-32.035,-52.0986,62.38,12.64
306,jian,100.0,ZA,1620542563.0,93.0,-33.0117,17.9442,50.0,5.7
307,mulege,100.0,RU,1620542564.0,94.0,51.3223,42.7678,46.35,13.69
308,kokopo,0.0,MU,1620542564.0,54.0,-20.0064,57.6608,80.01,5.99
309,amazar,100.0,ID,1620542324.0,81.0,-1.2675,116.8289,81.01,3.71
310,kangaatsiaq,100.0,RU,1620542564.0,56.0,63.8986,122.7617,49.87,3.56
311,erzin,89.0,IR,1620542410.0,54.0,35.244,60.6225,67.24,7.11
312,anori,90.0,CL,1620542565.0,76.0,-29.9533,-71.3436,55.4,5.75
313,high prairie,99.0,RU,1620542565.0,41.0,62.1444,117.6319,53.94,2.42
314,sibu,15.0,LK,1620542565.0,69.0,8.5711,81.2335,86.04,11.52
315,bam,1.0,US,1620542566.0,69.0,27.5064,-99.5075,80.6,12.66
316,yenagoa,15.0,AU,1620542566.0,76.0,-34.6833,150.8667,69.01,3.0
317,tuatapere,40.0,MY,1620542566.0,55.0,3.35,101.25,93.2,4.61
318,longyearbyen,98.0,CN,1620542567.0,12.0,36.6167,101.7667,76.73,14.76
319,barcelos,21.0,TH,1620542567.0,48.0,13.75,102.3333,94.91,7.52
320,santa fe,66.0,LK,1620542567.0,64.0,7.4167,81.8167,87.91,8.86
321,tasiilaq,75.0,BR,1620542567.0,94.0,-15.8631,-38.8828,71.6,6.91
322,kulhudhuffushi,100.0,PF,1620542568.0,74.0,-16.5167,-151.75,80.53,8.52
323,kasongo,20.0,CL,1620542568.0,85.0,-25.4,-70.4833,60.93,0.58
324,lazaro cardenas,75.0,US,1620542568.0,78.0,36.3668,-95.5836,75.0,13.8
325,santa isabel do rio negro,40.0,SA,1620542568.0,25.0,26.326,43.975,86.0,9.22
326,pitsunda,98.0,RU,1620542569.0,42.0,62.6667,135.6,54.34,4.12
327,grootfontein,100.0,RU,1620542569.0,56.0,51.8462,109.9097,51.08,12.44
328,champerico,100.0,CA,1620542570.0,94.0,51.3237,-113.6048,35.01,5.01
329,punuare,0.0,CL,1620542570.0,100.0,-41.8697,-73.8203,45.0,1.14
330,salalah,65.0,NO,1620542570.0,81.0,69.0125,23.0412,27.14,3.44
331,sistranda,0.0,IT,1620542570.0,65.0,42.0345,11.8536,64.0,4.0
332,yate,97.0,VN,1620542571.0,51.0,22.6667,106.25,92.05,8.23
333,kattivakkam,84.0,ID,1620542571.0,66.0,-3.5403,118.9707,86.16,7.14
334,kaitangata,20.0,MZ,1620542571.0,88.0,-23.865,35.3833,71.6,3.33
335,sadri,19.0,IL,1620542465.0,14.0,31.61,34.7642,99.0,5.01
336,itupiranga,84.0,PH,1620542571.0,56.0,10.9995,122.6711,90.28,9.78
337,san isidro,100.0,VE,1620542572.0,93.0,5.6639,-67.6236,74.3,2.77
338,rio grande,90.0,US,1620542528.0,93.0,39.1834,-84.5333,48.99,9.24
339,saldanha,20.0,JP,1620542572.0,64.0,33.7333,135.9833,75.2,5.75
340,kamenka,20.0,JP,1620542572.0,16.0,33.2833,134.15,80.6,23.02
341,grand gaube,100.0,MZ,1620542573.0,62.0,-13.1256,38.9997,72.25,6.73
342,balikpapan,20.0,BR,1620542573.0,94.0,-5.1989,-35.4608,73.4,4.61
343,kysyl-syr,93.0,RU,1620542573.0,57.0,58.3631,82.8265,46.09,10.25
344,saint combs,38.0,TZ,1620542574.0,64.0,-7.118,39.2078,76.68,8.3
345,torbat-e jam,20.0,ES,1620542574.0,72.0,28.4204,-14.0131,64.4,9.22
346,coquimbo,0.0,RE,1620542574.0,61.0,-21.15,55.2833,80.6,14.97
347,monte cristi,100.0,BR,1620542574.0,99.0,-2.7906,-49.6717,71.92,1.7
348,suntar,90.0,ID,1620542575.0,61.0,-2.5333,112.95,88.75,4.09
349,trincomalee,79.0,UY,1620542575.0,94.0,-34.4833,-54.3333,51.17,4.88
350,laredo,75.0,BR,1620542575.0,83.0,-22.2306,-43.1056,68.0,3.44
351,kiama,100.0,NZ,1620542468.0,92.0,-41.1333,174.85,64.99,15.01
352,kuala selangor,100.0,ID,1620542576.0,73.0,-0.8833,131.25,84.81,9.04
353,xining,100.0,RU,1620542576.0,57.0,57.3033,47.8861,64.0,16.15
354,sa kaeo,94.0,BR,1620542576.0,94.0,-7.1911,-48.2072,71.82,1.52
355,kalmunai,20.0,PT,1620542576.0,72.0,32.6333,-16.85,64.4,6.91
356,belmonte,1.0,US,1620542577.0,69.0,21.3156,-158.0072,75.2,4.61
357,vaitape,98.0,CD,1620542577.0,96.0,-3.6,26.6667,70.21,1.88
358,taltal,34.0,MY,1620542577.0,79.0,2.0167,112.9333,86.61,2.82
359,rogers,95.0,BO,1620542577.0,35.0,-20.4597,-66.825,43.23,7.16
360,guajara-mirim,99.0,TZ,1620542578.0,62.0,-9.7667,37.9333,73.81,6.87
361,buraydah,95.0,ML,1620542523.0,11.0,16.6362,1.637,91.44,5.61
362,khandyga,1.0,US,1620542503.0,87.0,41.2835,-70.0995,46.4,13.8
363,kizhinga,0.0,NE,1620542578.0,48.0,14.8888,5.2692,84.2,11.5
364,irricana,96.0,US,1620542046.0,76.0,45.5234,-122.6762,54.0,1.25
365,mys shmidta,100.0,CA,1620542578.0,95.0,54.0524,-128.6534,45.0,2.66
366,ancud,100.0,BR,1620542579.0,99.0,-0.1303,-67.0892,71.73,1.45
367,kautokeino,100.0,RU,1620542579.0,83.0,51.6667,135.7,39.31,8.39
368,tsihombe,11.0,CN,1620542579.0,33.0,37.15,122.3833,67.24,10.45
369,santa marinella,2.0,IS,1620542579.0,59.0,64.5383,-21.9206,32.0,5.99
370,cao bang,0.0,BW,1620542580.0,38.0,-23.6752,22.7876,59.41,8.55
371,majene,40.0,BJ,1620542580.0,94.0,6.4965,2.6036,77.0,6.91
372,inhambane,91.0,ID,1620542362.0,89.0,2.05,99.75,83.52,2.13
373,gat,37.0,CN,1620542580.0,15.0,38.4953,102.1739,80.29,19.48
374,dingle,1.0,US,1620542581.0,82.0,30.4383,-84.2807,59.0,2.08
375,puerto ayacucho,0.0,OM,1620542581.0,32.0,22.9333,57.5333,91.54,7.02
376,hamilton,74.0,PE,1620542581.0,86.0,-6.5417,-80.0111,64.0,4.0
377,shingu,100.0,TH,1620542582.0,46.0,17.699,103.2596,99.0,6.64
378,muroto,79.0,ID,1620542582.0,75.0,-0.8667,134.0833,83.07,4.5
379,montepuez,20.0,GB,1620542462.0,77.0,52.6278,1.2983,57.2,10.36
380,touros,41.0,BR,1620542582.0,86.0,-23.4339,-45.0711,67.26,2.33
381,togur,60.0,LK,1620542583.0,47.0,7.9333,81.0,93.56,6.42
382,mkuranga,100.0,CN,1620542583.0,28.0,50.5667,123.7167,56.75,4.61
383,las palmas,20.0,GB,1620542583.0,88.0,51.75,-0.3333,57.99,12.66
384,saint-leu,2.0,AU,1620542583.0,57.0,-16.9167,145.7667,82.4,10.36
385,baiao,1.0,US,1620542424.0,76.0,40.6734,-73.4365,46.99,4.61
386,sampit,40.0,BJ,1620542584.0,94.0,6.3654,2.4183,77.0,6.91
387,rocha,100.0,US,1620542584.0,94.0,39.447,-86.1758,46.99,17.27
388,areal,99.0,AU,1620542584.0,72.0,-25.2986,152.8535,75.0,5.01
389,porirua,100.0,SY,1620542584.0,18.0,35.3029,37.1841,83.68,9.89
390,sorong,33.0,NG,1620542585.0,72.0,8.8833,11.3667,80.47,9.17
391,yaransk,20.0,IN,1620542585.0,40.0,23.4,79.55,93.2,14.97
392,araguaina,100.0,RU,1620542585.0,71.0,56.7938,105.7672,49.08,5.46
393,canico,97.0,CN,1620542586.0,34.0,36.1928,117.6569,80.38,13.13
394,ewa beach,1.0,US,1620542483.0,100.0,40.3015,-79.5389,41.0,3.09
395,kampene,98.0,VN,1620542586.0,73.0,10.346,107.0843,85.44,12.28
396,kapit,9.0,RU,1620542586.0,49.0,65.9811,60.3094,54.45,11.68
397,uyuni,60.0,AU,1620542587.0,41.0,-24.4167,150.5,77.94,3.36
398,liwale,100.0,RU,1620542587.0,75.0,49.0,132.4667,49.03,3.56
399,gao,100.0,RU,1620542587.0,84.0,53.45,108.9833,39.6,3.8
400,nantucket,99.0,ID,1620542587.0,73.0,-5.6667,132.75,83.43,12.33
401,tahoua,1.0,PK,1620542588.0,35.0,34.3333,73.2,82.45,4.34
402,portland,99.0,RU,1620542588.0,44.0,65.9939,57.5281,55.22,10.31
403,kitimat,0.0,FR,1620542589.0,82.0,49.5,2.4167,61.0,8.05
404,sao gabriel da cachoeira,1.0,US,1620542589.0,77.0,34.1478,-119.1951,59.0,5.28
405,berezovyy,40.0,AU,1620542589.0,56.0,-33.8667,121.9,69.8,18.41
406,umzimvubu,9.0,GL,1620542590.0,86.0,60.1432,-45.2371,34.84,12.35
407,yatou,0.0,FR,1620542590.0,55.0,48.9079,6.0589,66.2,16.11
408,borgarnes,37.0,NI,1620542590.0,75.0,12.1694,-83.0418,81.0,17.54
409,kang,75.0,US,1620542590.0,73.0,32.2207,-98.2023,75.2,13.8
410,porto novo,33.0,RU,1620542591.0,88.0,68.75,161.3,28.24,3.69
411,bandar,93.0,ID,1620542591.0,68.0,1.7427,98.7792,86.41,5.57
412,jinchang,84.0,AU,1620542495.0,20.0,-15.7667,128.7333,95.0,8.05
413,tallahassee,0.0,NC,1620542592.0,76.0,-20.2333,164.0167,79.0,11.81
414,port-de-paix,20.0,VN,1620542592.0,55.0,15.8794,108.335,91.4,9.22
415,nizwa,100.0,NZ,1620542592.0,95.0,-35.1,173.7833,64.99,0.72
416,morrope,90.0,CA,1620542568.0,87.0,56.2501,-117.286,44.01,5.75
417,ban dung,0.0,BR,1620542592.0,94.0,-8.2578,-49.2647,75.2,3.44
418,manokwari,0.0,PR,1620542593.0,71.0,17.9716,-66.908,75.99,8.3
419,norwich,75.0,BR,1620542593.0,94.0,-20.3297,-40.2925,68.0,3.44
420,ubatuba,36.0,ML,1620542593.0,32.0,13.8065,-10.8321,87.46,11.34
421,polonnaruwa,2.0,NA,1620542594.0,37.0,-17.4667,16.3333,71.74,9.51
422,alihe,75.0,JP,1620542594.0,83.0,28.3667,129.4833,75.2,4.61
423,saint albans,0.0,RU,1620542594.0,34.0,56.3491,78.3619,56.1,9.78
424,cairns,1.0,US,1620542594.0,57.0,64.5011,-165.4064,44.6,9.22
425,east massapequa,93.0,CN,1620542364.0,44.0,52.3333,124.7333,51.04,5.35
426,cotonou,1.0,MX,1620542595.0,25.0,31.3086,-110.9422,62.6,5.75
427,bud,0.0,RU,1620542595.0,35.0,46.5331,48.3456,71.6,24.61
428,hervey bay,1.0,US,1620542596.0,87.0,34.0232,-84.3616,54.0,3.58
429,abu samrah,0.0,CR,1620542596.0,78.0,10.1483,-85.452,73.4,3.44
430,jalingo,90.0,US,1620542596.0,100.0,41.5284,-87.4237,37.99,3.44
431,tendukheda,100.0,CD,1620542596.0,92.0,-6.4667,16.8167,73.53,1.1
432,ust-kut,100.0,GL,1620542597.0,79.0,68.7098,-52.8699,23.5,7.38
433,laiwu,61.0,PG,1620542597.0,83.0,-10.6167,150.6667,82.08,12.64
434,greensburg,40.0,KZ,1620542597.0,64.0,41.7589,69.3864,68.0,11.5
435,vung tau,20.0,ID,1620542597.0,74.0,-0.9492,100.3543,86.0,6.91
436,verkhnyaya inta,1.0,CA,1620542598.0,93.0,49.7834,-74.8492,37.4,5.75
437,biloela,1.0,US,1620542384.0,69.0,21.3469,-158.0858,75.2,4.61
438,bira,1.0,US,1620542598.0,33.0,43.1905,-112.345,42.8,18.41
439,ust-barguzin,0.0,AR,1620542358.0,100.0,-38.9516,-68.0591,42.8,4.61
440,tual,9.0,PE,1620542598.0,76.0,-4.5772,-81.2719,70.41,15.59
441,mansehra,15.0,VN,1620542599.0,62.0,17.4833,106.6,88.81,9.19
442,usinsk,1.0,US,1620542501.0,93.0,45.1805,-89.6835,41.0,2.01
443,clermont,40.0,MG,1620542599.0,88.0,-18.1667,49.3833,77.0,6.91
444,port hueneme,100.0,PF,1620542599.0,74.0,-16.7833,-151.5,80.58,11.61
445,esperance,76.0,EG,1620542599.0,6.0,28.419,30.7792,102.16,5.86
446,taburao,100.0,KZ,1620542600.0,85.0,48.6814,71.6433,56.8,11.77
447,nanortalik,0.0,AU,1620542600.0,43.0,-28.7667,114.6,75.2,16.11
448,pont-a-mousson,91.0,RU,1620542600.0,82.0,53.9353,139.9242,32.61,6.91
449,corn island,100.0,ER,1620542600.0,48.0,13.9297,41.6925,90.72,6.31
450,stephenville,91.0,MX,1620542601.0,80.0,14.7208,-92.4215,79.59,6.17
451,cherskiy,100.0,RU,1620542601.0,63.0,63.4564,48.8989,55.4,12.71
452,sibolga,100.0,RU,1620542601.0,80.0,65.7,82.4667,37.74,6.67
453,kununurra,0.0,MX,1620542602.0,82.0,27.9769,-114.0611,57.85,8.88
454,poum,90.0,US,1620542602.0,76.0,60.5544,-151.2583,48.2,9.22
455,hoi an,14.0,RU,1620542603.0,87.0,61.95,159.2333,32.18,3.91
456,kaeo,100.0,RU,1620542603.0,99.0,69.4058,86.1778,32.56,4.23
457,peace river,5.0,BR,1620542603.0,72.0,-16.2567,-56.6228,64.99,1.45
458,conceicao do araguaia,100.0,ES,1620542603.0,91.0,43.2686,-7.5406,51.01,13.0
459,guanica,100.0,LR,1620542604.0,78.0,6.7533,-11.3686,80.89,6.29
460,vila velha,100.0,RU,1620542604.0,97.0,68.0531,39.5131,38.86,13.0
461,bafoulabe,40.0,US,1620542450.0,71.0,42.1668,-71.2495,48.2,6.91
462,eenhana,100.0,RU,1620542604.0,70.0,61.2611,46.6556,57.54,11.05
463,naze,0.0,NO,1620542605.0,65.0,62.5833,6.1333,44.6,10.36
464,severnoye,100.0,VE,1620542605.0,96.0,7.7669,-72.225,65.53,2.28
465,nome,96.0,AU,1620542605.0,63.0,-12.0667,134.2667,82.62,10.02
466,tahe,7.0,NO,1620542606.0,85.0,71.0357,27.8492,35.58,5.79
467,nogales,100.0,PT,1620542606.0,86.0,40.1629,-8.3327,57.99,1.01
468,hihifo,52.0,SB,1620542606.0,84.0,-9.4333,159.95,81.59,9.73
469,krasnyy yar,20.0,SD,1620542606.0,21.0,14.2,24.6667,85.62,4.16
470,roswell,19.0,AU,1620542607.0,77.0,-34.5833,150.8552,68.0,5.01
471,nicoya,100.0,RU,1620542607.0,79.0,50.4491,38.2959,43.0,17.67
472,griffith,83.0,BR,1620542607.0,96.0,-1.8283,-44.8683,73.96,2.57
473,kasongo-lunda,90.0,TZ,1620542607.0,63.0,-5.3,36.5667,68.18,2.62
474,aasiaat,0.0,RE,1620542608.0,61.0,-21.3667,55.6167,80.6,14.97
475,samarai,40.0,TR,1620542608.0,76.0,41.25,31.8333,55.4,5.75
476,leninskoye,2.0,AU,1620542608.0,34.0,-20.7833,117.1333,88.99,8.43
477,wahran,0.0,AU,1620542609.0,26.0,-23.5333,148.1667,86.0,6.91
478,padang,100.0,RU,1620542609.0,99.0,67.4667,86.5833,35.44,6.24
479,chapais,100.0,VE,1620542609.0,92.0,8.9242,-67.4293,73.89,4.43
480,makakilo city,90.0,RW,1620542609.0,88.0,-2.0597,29.3482,64.4,9.22
481,blackfoot,0.0,LY,1620542610.0,67.0,31.7561,25.0865,70.93,16.51
482,neuquen,100.0,MX,1620542610.0,81.0,20.2167,-96.7833,76.59,9.33
483,talara,100.0,CN,1620542610.0,21.0,39.8167,98.3,75.0,12.64
484,dong hoi,99.0,GH,1620542611.0,85.0,5.2618,-0.759,77.52,6.24
485,merrill,37.0,PA,1620542611.0,87.0,8.0647,-78.3628,77.43,2.91
486,toamasina,42.0,PE,1620542611.0,90.0,-10.75,-77.7667,64.02,7.09
487,tevaitoa,99.0,PE,1620542612.0,97.0,-6.55,-78.65,53.53,4.7
488,matay,90.0,CA,1620542387.0,65.0,53.9166,-122.753,43.0,3.69
489,atasu,1.0,US,1620542612.0,77.0,33.1434,-117.1661,59.0,3.44
490,attawapiskat,100.0,RU,1620542612.0,60.0,56.9064,118.2631,42.94,7.87
491,geraldton,9.0,GL,1620542613.0,66.0,60.9167,-46.05,32.38,3.56
492,mnogovershinnyy,88.0,EE,1620542613.0,52.0,59.4336,26.2614,46.44,6.82
493,edd,0.0,IR,1620542613.0,21.0,28.9383,53.6482,80.6,4.61
494,viligili,90.0,RU,1620542613.0,28.0,52.2037,117.5529,56.48,6.08
495,jiddah,20.0,JP,1620542614.0,35.0,32.6881,128.8419,73.4,6.91
496,puerto madero,1.0,CA,1620542614.0,64.0,49.7833,-92.7503,35.6,10.36
497,koslan,38.0,MG,1620542614.0,70.0,-20.5833,48.5333,76.17,2.24
498,krasnoselkup,98.0,BR,1620542614.0,96.0,-19.0372,-43.425,62.28,3.22
499,guerrero negro,100.0,RU,1620542615.0,84.0,63.9061,38.1404,38.77,5.61
500,kenai,100.0,ID,1620542615.0,76.0,0.1333,117.5,82.09,4.16
501,evensk,67.0,IS,1620542615.0,64.0,64.8945,-23.7142,34.74,22.03
502,dudinka,75.0,GB,1620542616.0,100.0,50.1544,-5.0711,51.8,19.37
503,pocone,3.0,IN,1620542616.0,59.0,22.2394,68.9678,87.98,13.42
504,bereda,100.0,MX,1620542616.0,76.0,15.85,-97.0667,81.57,3.33
505,robertsport,20.0,NC,1620542616.0,84.0,-21.0833,165.4,74.8,11.41
506,ostrovnoy,100.0,NO,1620542617.0,70.0,67.667,12.6934,40.82,8.59
507,norfolk,1.0,US,1620542617.0,76.0,34.9421,-79.3031,55.99,7.27
508,kotlas,95.0,CN,1620542617.0,35.0,40.6167,120.7167,64.83,13.51
509,roald,6.0,RU,1620542618.0,54.0,54.4299,31.8996,44.71,15.01
510,kuche,100.0,NG,1620542618.0,75.0,7.3179,8.9951,77.31,11.86
511,bababe,100.0,PF,1620542619.0,71.0,-22.4333,-151.3333,74.62,25.21
512,hongan,20.0,ES,1620542619.0,59.0,28.6585,-17.9182,64.4,5.75
513,san cristobal,0.0,SA,1620542529.0,12.0,17.4924,44.1277,87.8,6.91
514,maningrida,0.0,NA,1620542619.0,66.0,-22.5594,17.0832,55.99,8.63
515,mehamn,99.0,BR,1620542619.0,84.0,-17.7125,-39.2481,72.43,15.01
516,lata,69.0,GA,1620542620.0,86.0,-3.432,10.6554,78.76,4.9
517,honiara,99.0,GL,1620542620.0,73.0,69.2167,-51.1,24.98,5.03
518,kutum,100.0,PG,1620542620.0,93.0,-6.0167,144.9667,68.13,2.15
519,flinders,1.0,US,1620542620.0,93.0,43.4065,-124.2243,48.2,4.61
520,livenka,67.0,IT,1620542621.0,78.0,44.1695,8.3436,66.0,1.01
521,cururupu,40.0,IN,1620542621.0,52.0,8.4333,78.0167,93.2,2.3
522,kibaya,84.0,KZ,1620542473.0,22.0,51.6667,75.3667,78.51,12.06
523,saint-joseph,1.0,CA,1620542622.0,59.0,52.85,-102.3842,32.85,4.14
524,zonguldak,100.0,ID,1620542622.0,92.0,0.5412,123.0595,79.38,0.83
525,roebourne,91.0,BR,1620542622.0,76.0,-18.7106,-40.4006,68.95,6.78
526,emerald,0.0,BD,1620542622.0,51.0,20.8624,92.3058,91.09,11.21
527,igarka,75.0,RU,1620542623.0,81.0,55.7028,37.3822,43.0,17.9
528,calabozo,14.0,ID,1620542623.0,66.0,0.9,109.0,86.9,7.58
529,kibuye,0.0,RU,1620542623.0,39.0,55.3571,78.357,59.5,12.35
530,bardiyah,1.0,US,1620542355.0,93.0,42.1584,-72.3287,42.01,3.44
531,nautla,100.0,RU,1620542624.0,97.0,59.6304,39.736,37.15,11.74
532,jiayuguan,20.0,GH,1620542624.0,88.0,5.7947,0.8973,77.0,2.3
533,mumford,3.0,NA,1620542624.0,37.0,-17.8833,15.0667,73.47,11.3
534,garachine,4.0,SY,1620542625.0,15.0,34.4506,40.9171,91.44,6.93
535,barranca,100.0,RU,1620542625.0,35.0,61.2767,108.0108,54.07,10.0
536,chota,16.0,NG,1620542625.0,63.0,11.5233,7.3081,75.52,11.83
537,prince george,0.0,TM,1620542625.0,37.0,39.2446,55.5154,74.68,17.11
538,warqla,0.0,OM,1620542626.0,49.0,22.5667,59.5289,91.45,3.53
539,san marcos,89.0,ID,1620542593.0,66.0,-2.8833,108.2667,86.38,8.41
540,chara,20.0,JP,1620542626.0,78.0,34.6667,138.95,79.0,21.85
541,narsaq,100.0,KM,1620542626.0,64.0,-12.2569,44.5319,81.1,9.4
542,tawkar,24.0,CN,1620542626.0,34.0,31.8111,121.655,93.0,1.01
543,haljala,65.0,UZ,1620542627.0,39.0,40.5247,68.0358,77.13,7.61
544,fasa,0.0,CL,1620542627.0,69.0,-26.3667,-70.05,52.05,1.68
545,kokuy,99.0,RU,1620542336.0,53.0,51.5667,46.0333,61.81,17.9
546,fukue,100.0,PE,1620542628.0,77.0,-14.8,-73.9167,36.36,4.85
547,dryden,88.0,VN,1620542628.0,61.0,10.9333,108.1,89.74,12.62
548,nosy varika,0.0,CU,1620542628.0,94.0,20.9625,-75.7186,73.4,8.05
549,conceicao do mato dentro,0.0,LY,1620542628.0,32.0,29.0331,21.5482,77.04,15.66
550,onega,40.0,IN,1620542629.0,48.0,24.5,93.7667,84.2,6.91
551,bontang,78.0,RU,1620542629.0,39.0,59.6481,67.41,67.19,10.96
552,olafsvik,90.0,VU,1620542629.0,94.0,-13.8833,167.55,80.6,17.2
553,falmouth,0.0,PK,1620542629.0,73.0,25.2088,64.6357,84.56,15.82
554,dwarka,93.0,GF,1620542630.0,84.0,5.3833,-52.95,77.88,10.69
555,puerto escondido,100.0,PH,1620542630.0,67.0,17.4414,121.2019,78.57,2.08
556,ponerihouen,0.0,CL,1620542630.0,34.0,-22.4667,-68.9333,46.4,14.97
557,sorland,40.0,ID,1620542630.0,70.0,-8.19,114.9675,86.0,12.66
558,bowmore,1.0,CA,1620542631.0,74.0,50.1001,-91.917,32.0,2.3
559,xingcheng,5.0,NE,1620542594.0,40.0,13.3154,12.6113,89.64,13.02
560,sobolevo,0.0,DZ,1620542631.0,77.0,36.365,6.6147,60.8,4.61
561,gboko,100.0,FI,1620542632.0,71.0,59.8333,22.95,48.99,1.99
562,moerai,13.0,FR,1620542632.0,72.0,49.5833,0.3333,60.8,4.61
563,los llanos de aridane,90.0,US,1620542632.0,71.0,39.4184,-92.4382,51.8,20.71
564,najran,100.0,KZ,1620542632.0,48.0,52.8339,70.7803,67.6,14.61
565,solovetskiy,98.0,CN,1620542633.0,52.0,23.2281,110.8261,91.45,9.01
566,windhoek,100.0,RU,1620542633.0,97.0,61.3314,40.0858,37.9,7.54
567,caravelas,100.0,CA,1620542633.0,80.0,49.8834,-106.5512,35.6,6.91
568,mayumba,42.0,RU,1620542633.0,47.0,60.9058,61.5186,67.48,4.29
569,ilulissat,99.0,RU,1620542634.0,40.0,60.0625,71.4789,59.31,6.62
